aminoacid,p.6.26,p.6.27,p.6.28,p.6.29,p.6.30,p.6.31,p.6.32,p.6.33,p.6.34,p.6.35,p.6.36,p.6.37,p.6.38,p.6.39,p.6.40,p.6.41,p.6.42,p.6.43,p.6.44,p.6.45,p.6.46,p.6.47,p.6.48,p.6.49,p.6.50,p.6.51,p.6.52,p.6.53,p.6.54,p.6.55,p.6.56,p.6.57,p.6.58,p.6.59,p.6.60,p.6.61,p.6.62,p.6.63,p.6.64
P,5,10,13,10,6,2,0,8,2,1,1,1,1,0,0,0,1,0,0,0,0,0,0,0,284,0,0,0,0,1,5,6,3,13,0,1,2,0,0
R,32,26,50,56,42,71,90,11,3,75,12,0,6,2,0,0,0,0,0,0,0,0,1,0,0,3,2,0,7,32,0,1,23,2,5,8,17,2,4
K,12,15,32,38,42,57,123,10,6,93,6,2,0,1,0,0,0,0,1,0,0,0,0,0,0,0,0,0,2,9,0,1,7,1,3,9,5,1,5
H,11,4,3,5,3,15,3,7,2,3,4,1,0,0,2,0,0,0,0,0,0,0,0,0,0,9,76,0,7,10,0,2,17,3,9,12,3,5,3
D,5,8,2,3,17,4,4,0,0,0,0,0,0,0,0,0,0,0,8,0,0,0,0,0,0,0,0,0,8,1,0,0,31,11,1,13,3,0,4
E,7,7,12,14,72,3,10,1,0,1,0,0,0,0,0,1,0,0,0,0,0,0,1,0,0,4,1,0,0,3,0,0,14,2,2,2,6,3,4
F,2,10,3,3,1,4,1,7,15,5,7,7,35,10,5,11,19,4,212,51,18,15,47,16,0,86,52,26,36,14,31,8,12,10,61,15,2,7,3
W,1,1,0,2,0,2,1,1,0,1,2,1,1,2,0,0,1,0,1,1,0,1,194,1,0,0,4,1,1,7,0,16,3,5,15,5,3,0,0
Y,4,6,2,2,2,3,0,2,8,2,2,0,3,0,2,0,0,2,19,5,0,0,8,0,1,102,11,1,15,7,6,14,22,14,16,5,6,2,2
N,12,6,6,12,6,4,1,2,9,4,2,2,0,1,2,1,0,0,5,0,0,0,1,0,0,7,43,0,3,32,1,1,16,4,4,17,2,1,5
Q,23,19,20,14,8,19,16,2,3,8,4,2,1,0,0,1,0,3,1,0,0,0,6,1,0,0,12,0,4,16,0,3,15,2,1,11,7,0,9
C,1,1,3,4,2,5,0,2,3,3,0,3,2,6,1,4,5,6,2,11,4,202,1,9,0,3,2,4,5,7,8,3,0,3,2,39,0,0,0
S,25,23,23,27,19,16,12,9,10,4,12,5,15,8,5,1,12,12,6,4,3,29,7,10,0,8,17,10,13,18,8,10,27,27,12,23,3,7,4
T,11,7,9,13,12,20,2,32,41,8,72,13,14,15,13,19,9,30,1,11,6,12,2,32,0,1,10,9,24,12,16,5,12,37,10,11,0,11,4
I,13,10,7,1,3,7,1,19,19,17,17,51,24,66,79,35,24,23,4,42,55,0,1,12,0,15,9,79,16,17,47,29,14,14,21,14,4,2,0
L,9,25,13,7,17,12,4,31,42,22,38,109,64,35,44,54,70,42,7,57,101,19,1,108,0,30,14,51,47,44,105,96,12,38,67,22,8,19,2
V,10,7,9,5,7,11,3,42,40,19,42,60,37,66,106,118,49,89,14,44,69,0,1,18,1,11,13,79,52,19,36,57,14,35,25,25,0,1,0
M,2,6,1,2,4,10,0,8,8,3,54,17,16,10,14,24,5,4,2,2,3,6,3,16,0,3,2,3,13,11,10,11,8,6,1,9,0,2,0
G,8,13,12,6,5,8,5,9,6,5,6,1,26,8,2,2,54,4,0,9,6,0,9,21,0,3,9,4,5,10,2,1,13,9,4,20,2,1,8
A,18,19,23,33,7,11,8,81,69,12,5,11,41,56,11,15,37,67,3,49,21,2,3,42,0,1,9,19,28,16,11,22,21,45,22,19,3,0,5