2	-0.246943811
3	-0.368547569
4	-0.303112644
5	-0.411054909
6	-0.397770484
7	-0.157575505
8	-0.385148326
9	-0.155776995
10	-0.29131152
11	-0.262833227
12	-0.224665573
13	-0.327645977
14	-0.54713951
15	-0.687165797
16	-0.370027232
17	-0.412510855
18	-0.273888747
19	-0.471128182
20	-1.2106864
21	-0.639705516
22	-0.331086531
23	-0.190747376
24	-0.808729765
25	-1.117820364
26	-0.522249621
27	-0.341606657
28	-0.806529827
29	-0.269233108
30	-0.394813852
31	-0.510709577
32	-0.388922355
33	-0.314123639
34	-0.201551755
35	-0.239665557
36	-0.251783542
37	-1.011540799
38	-0.429334899
39	-0.547774365
40	-0.37635037
41	-0.459013773
42	-0.461634485
43	-0.17370965
44	-0.243864492
45	-0.508693227
46	-0.309561927
47	-0.105227821
48	-0.169220095
49	-0.645478099
50	-0.222620533
51	-0.523161761
52	-0.163929838
53	-0.680233795
54	-0.683367658
55	-1.474481603
56	-0.708738941
57	-0.414936018
58	-0.213338702
59	-0.244221546
60	-0.149908617
61	-0.431987332
62	-0.527108977
63	-0.54345135
64	-0.380357966
65	-0.633508567
66	-1.266071011
67	-0.828421408
68	-0.327443846
69	-0.466729484
70	-1.130403211
71	-0.394769403
72	-0.31322659
73	-0.474946737
74	-0.602031583
75	-0.349787339
76	-0.5947857
77	-1.628696161
78	-0.422259359
79	-1.005609403
80	-1.153915186
81	-1.009895791
82	-0.595979262
83	-0.687087846
84	-0.547826032
85	-0.725007932
86	-0.926525187
87	-0.954485359
88	-0.642658517
89	-0.852015351
90	-0.973021754
91	-0.293103906
92	-0.196559132
93	-0.559508267
94	-0.989503268
95	-0.496328994
96	-0.767613198
97	-1.257287403
98	-1.507711866
99	-0.528787808
100	-0.51112834
101	-0.726684529
102	-1.516622564
103	-1.363135015
104	-0.635406212
105	-0.816262746
106	-0.3105736
107	-0.229647656
108	-0.316990685
109	-0.512793511
110	-0.987168127
111	-0.762299216
112	-0.720161534
113	-0.252750413
114	-0.364082106
115	-0.631103255
116	-1.123171253
117	-0.39372451
118	-0.606535991
119	-0.711399111
120	-0.403240484
121	-0.360251626
122	-0.859086922
123	-0.515514575
124	-0.327886211
125	-0.448700121
126	-0.444863858
127	-1.24572402
128	-0.728882914
129	-0.640319226
130	-0.529841671
131	-0.405400898
132	-0.144469183
133	-0.422396538
134	-0.60201322
135	-0.63188678
136	-0.328295683
137	-0.478691055
138	-0.944851815
139	-0.332182077
140	-0.297035805
141	-0.785012327
142	-0.374056356
143	-0.33561736
144	-0.361934956
145	-0.297955495
146	-0.720183585
147	-0.6828231
148	-0.662151238
149	-1.018246586
150	-0.157367197
151	-0.622137319
152	-0.488787259
153	-0.740837231
154	-0.689848182
155	-0.307620596
156	-0.574047093
157	-0.789322919
158	-0.224332438
159	-0.571304621
160	-0.861900804
161	-0.700424347
162	-1.22147927
163	-0.567614317
164	-0.496712045
165	-0.856165543
166	-0.344702244
167	-0.436517409
168	-0.628180069
169	-0.841315438
170	-0.96469751
171	-0.991884781
172	-0.845211192
173	-0.604759458
174	-1.179126265
175	-1.123854097
176	-0.472870402
177	-0.716918862
178	-0.581649824
179	-0.918750401
180	-0.584756004
181	-0.480798033
182	-0.592154092
183	-0.236508385
184	-0.494508419
185	-0.828048038
186	-0.519269569
187	-0.287480555
188	-0.275195494
189	-0.369799467
190	-0.238153877
191	-0.249285944
192	-0.517331817
193	-0.379142246
194	-0.193237512
195	-0.981713388
196	-0.539797819
197	-0.557058382
198	-0.485609478
199	-1.008285175
200	-0.876484833
201	-0.896485102
202	-0.106519842
203	-0.497117333
204	-0.3089408
205	-0.746423861
206	-0.394940311
207	-0.315185393
208	-0.424834011
209	-0.752107704
210	-0.199890408
211	-0.529765187
212	-1.250337188
213	-0.219957228
214	-0.485099462
215	-0.986855613
216	-0.540938544
217	-0.680762091
218	-0.791554303
219	-0.183820927
220	-0.521762158
221	-0.182708084
222	-0.48947697
223	-1.258859795
224	-0.462025631
225	-0.297654422
226	-1.035999707
227	-0.533270481
228	-0.81544145
229	-0.55140763
230	-0.506668193
231	-0.208254889
232	-0.308829243
233	-0.749986019
234	-0.420344763
235	-0.376087717
236	-0.248375488
237	-0.387187899
238	-0.246185439
239	-0.544045492
240	-0.460543928
241	-0.279838221
242	-0.394695513
243	-0.272038892
244	-0.559289793
245	-0.507505122
246	-0.263359629
247	-0.434665681
248	-0.305838774
249	-0.290892182
250	-0.531687283
251	-0.826299844
252	-0.52005071
253	-0.225167774
254	-0.697077248
255	-0.683611756
256	-0.536111834
257	-0.62765181
258	-0.597623526
259	-0.31597144
260	-0.615639899
261	-1.184001086
262	-0.551403278
263	-0.146866275
264	-0.23228609
265	-0.797817353
266	-0.673194772
267	-0.406629906
268	-0.839306103
269	-1.134821174
270	-0.385197849
271	-0.513138067
272	-0.469539588
273	-0.492281466
274	-0.681821467
275	-0.428643575
276	-0.538135344
277	-0.494201317
278	-1.027219346
279	-0.389549762
280	-0.397305875
281	-0.626970295
282	-1.669823023
283	-0.761980333
284	-0.368531809
285	-0.251065988
286	-0.794594723
287	-0.534372108
288	-0.339194652
289	-1.126704025
290	-0.560320955
291	-0.15652679
292	-0.440462606
293	-0.544579069
294	-0.684614638
295	-0.516419979
296	-0.632252341
297	-0.527089358
298	-0.285554727
299	-0.383984483
300	-0.540052481
301	-0.267234088
302	-0.266744572
303	-0.243064335
304	-0.339714377
305	-0.288861571
306	-0.699122788
307	-0.211471958
308	-0.369656659
309	-0.333621033
310	-0.151908334
311	-0.203476682
312	-0.221503374
313	-0.431650253
314	-0.43908372
315	-0.46123606
316	-0.31394249
317	-0.320432601
318	-0.20389966
319	-0.320616746
320	-0.504059347
321	-0.517627345
322	-0.390741909
323	-0.557728774
324	-0.3833844
325	-0.448767125
326	-0.488121249
327	-0.176595852
328	-0.307215307
329	-0.326054792
330	-0.469435597
331	-0.240412989
332	-0.240106992
333	-0.20360375
334	-0.312527327
335	-0.292883344
336	-0.385478486
337	-0.979490209
338	-0.207448088
339	-0.319544512
340	-0.104391352
341	-0.259086156
342	-0.426749614
343	-0.523022529
344	-0.288410202
345	-0.297958864
346	-0.270181612
347	-0.52346983
348	-0.412056831
349	-0.317586656
350	-0.113794999
351	-0.304232831
352	-0.314659349
353	-0.493652779
354	-0.651931127
355	-0.294482031
356	-0.34612439
357	-0.344448537
358	-0.400946374
359	-0.24671731
360	-0.167190031
361	-0.331794305
362	-0.383726012
363	-0.392890219
364	-0.405743824
365	-0.192579296